{
  "appearances": {
    "appearance_axis_used": "W",
    "displacement_per_frame_mm": 15.625,
    "displacement_per_frame_px": 260.41666666666674,
    "duration_s": 0.15647999999999995,
    "expected_frames": 10.014719999999997,
    "frames_max": 11,
    "frames_min": 10,
    "traversal_extent_mm": 156.47999999999996
  },
  "coverage_distortion": {
    "coverage_margin_mm": 1.25,
    "coverage_ok": true,
    "coverage_ratio_actual_vs_design": 0.7727272727272727,
    "edge_position_error_mm_effective": 0.055451057950545085,
    "effective_distortion_percent_at_actual_edge": 0.05409090909090909,
    "fov_area_scale_vs_design": 0.5971074380165289,
    "fov_height_scale_vs_design": 0.7727272727272727,
    "fov_width_scale_vs_design": 0.7727272727272727
  },
  "depth_of_field": {
    "DOF_mm": 24.026213137774988,
    "circle_of_confusion_mm_used": 0.0025,
    "far_mm": 212.73209549071618,
    "hyperfocal_mm": 3208.0,
    "near_mm": 188.7058823529412
  },
  "diffraction_mtf": {
    "airy_disk_diameter_pixels": 4.4733333333333345,
    "airy_disk_diameter_um": 11.183333333333335,
    "diffraction_cutoff_lp_per_mm": 218.18181818181813,
    "lens_mtf50_lp_per_mm": 16.0,
    "mtf50_vs_nyquist_ratio": 0.08,
    "nyquist_over_diffraction_cutoff": 0.9166666666666669,
    "sampling_regime": "optics-limited (aberrations)",
    "wavelength_um": 0.55
  },
  "flags": {
    "diffraction_dominant": false,
    "exposure_limited_by_frame": false,
    "potential_vignetting": false
  },
  "fov_sampling": {
    "fov_area_mm2": 20730.470399999987,
    "fov_diagonal_mm": 205.0291218339482,
    "fov_height_actual_vs_target_percent": 88.31999999999998,
    "fov_height_mm": 132.47999999999996,
    "fov_width_actual_vs_target_percent": 104.31999999999996,
    "fov_width_mm": 156.47999999999996,
    "mm_per_pixel_x": 0.059999999999999984,
    "mm_per_pixel_y": 0.059999999999999984,
    "pixels_per_mm_x": 16.66666666666667,
    "pixels_per_mm_y": 16.66666666666667
  },
  "illumination": {
    "corner_to_center_ratio": 0.7,
    "exposure_compensation_stops_at_corners": 0.5145731728297582,
    "relative_illumination_center_percent": 100.0,
    "relative_illumination_corner_percent": 70.0,
    "vignetting_loss_percent": 30.0
  },
  "lens_geometry": {
    "aperture_diameter_mm": 1.0,
    "effective_f_number": 8.333333333333334,
    "image_distance_mm": 8.333333333333334,
    "magnification_percent": 4.166666666666667,
    "working_distance_mm": 200.0
  },
  "motion_exposure": {
    "frame_period_us": 15625.0,
    "max_exposure_us_frame": 15625.0,
    "max_exposure_us_motion_blur_for_allowed_blur_px": 119.99999999999996,
    "object_speed_mm_s": 1000.0,
    "object_speed_px_s": 16666.66666666667,
    "recommended_exposure_us": 59.99999999999998
  },
  "sensor": {
    "aspect_ratio": 1.181159420289855,
    "pixels_horz": 2608.0,
    "pixels_vert": 2208.0,
    "sensor_nyquist_lp_per_mm": 200.0,
    "total_pixels": 5758464.0
  }
}